{
    "normals":[0.955138,0,0.296121,0.893582,-0.41316,0.175359,0.809259,-0.313303,0.496902,0.852168,0,0.52324,0.893582,0.41316,0.175359,0.809259,0.313303,0.496902,0.848384,0,-0.529344,0.808008,-0.304819,-0.504135,0.893979,-0.410016,-0.180639,0.953825,0,-0.300272,0.808008,0.304819,-0.504135,0.893979,0.410016,-0.180639,0.955138,0.123783,-0.269021,0.893582,0.448622,0.013398,0.809259,0.492355,-0.320383,0.852168,0.218726,-0.475326,0.893582,-0.302011,-0.332011,0.809259,-0.076876,-0.582385,0.848384,-0.22129,0.48085,0.808008,0.066134,0.585406,0.893979,0.296945,0.335521,0.953825,-0.125523,0.272774,0.808008,-0.487655,0.330546,0.893979,-0.448012,-0.007294],
    "metadata":{
        "version":3,
        "normals":24,
        "type":"Geometry",
        "vertices":24,
        "uvs":1,
        "faces":12,
        "generator":"io_three"
    },
    "vertices":[0.198212,0,-0.319217,0.198212,-0,0.319217,0.198213,-3,-0.285393,0.198213,-3,0.285393,0.198212,0,-0,0.198213,-3,0,1.19941,-2,-1,1.19941,-1,-1,1.19941,-1,1,1.19941,-2,1,0.701739,-1,-0,0.701739,-2,-0,-0.566815,-0.133451,0.289983,-0.566815,0.133451,-0.289983,-0.566815,2.60595,1.51343,-0.566815,2.84457,0.994915,-0.566815,-0,-0,-0.566815,2.72526,1.25417,0.434378,1.39878,1.74453,0.434378,0.490363,1.32648,0.434378,1.32648,-0.490363,0.434378,2.2349,-0.072306,-0.063289,0.908421,0.418058,-0.063289,1.81684,0.836115],
    "uvs":[[0.333333,0.5,0.333333,0.999999,-0,0.642696,-0,0.5,0.333333,-1e-06,-0,0.357303,1,0.5,1,0.659608,0.666667,0.999999,0.666667,0.5,1,0.340392,0.666667,0]],
    "faces":[41,11,9,3,5,0,1,2,3,0,1,2,3,41,6,11,5,2,4,0,3,5,4,0,3,5,41,4,1,8,10,6,7,8,9,6,7,8,9,41,10,8,9,11,9,8,1,0,9,8,1,0,41,0,4,10,7,10,6,9,11,10,6,9,11,41,7,10,11,6,11,9,0,4,11,9,0,4,41,23,21,15,17,0,1,2,3,12,13,14,15,41,18,23,17,14,4,0,3,5,16,12,15,17,41,16,13,20,22,6,7,8,9,18,19,20,21,41,22,20,21,23,9,8,1,0,21,20,13,12,41,12,16,22,19,10,6,9,11,22,18,21,23,41,19,22,23,18,11,9,0,4,23,21,12,16],
    "name":"Plane.001Geometry"
}